<modification>
    <id>Adds Youtube videos to product pages</id>
    <version>1.0]</version>
    <vqmver>1.0</vqmver>
    <author>Oleh Vasylyev  olehvasilyev@gmail.com</author>

    <file name="admin/controller/catalog/product.php">
		<operation>
			<search position="replace"><![CDATA[
			public function index() {
			]]></search>
			<add><![CDATA[
			protected function dbCheck(){
				$query = $this->db->query("SHOW COLUMNS FROM `".DB_PREFIX."product_description` LIKE 'youtube'");
				if(!$query->num_rows){
					$this->db->query("ALTER TABLE `".DB_PREFIX."product_description` ADD `youtube` TEXT NOT NULL");
				}
			}
			public function index() {
			$this->dbCheck();
			]]>
			</add>
		</operation>
        <operation>
			<search position="replace"><![CDATA[
				$this->data['entry_name'] = $this->language->get('entry_name');
			]]></search>
            <add><![CDATA[				
				$this->data['entry_name'] = $this->language->get('entry_name');
				$this->data['entry_youtube'] = $this->language->get('entry_youtube');
            ]]></add>
        </operation>
	</file>	

	
    <file name="admin/model/catalog/product.php">	
        <operation>
			<search position="replace"><![CDATA[
) . "', meta_description = '" . $this->db->escape($value['meta_description']) . "', description =
			]]></search>
            <add><![CDATA[
) . "', youtube = '" . $this->db->escape($value['youtube']) . "', meta_description = '" . $this->db->escape($value['meta_description']) . "', description =
            ]]></add>
        </operation>
			
        <operation>
			<search position="replace"><![CDATA[
						'meta_description' => $result['meta_description'],
			]]></search>
            <add><![CDATA[				
						'meta_description' => $result['meta_description'],
						'youtube'		   => $result['youtube'],
            ]]></add>
        </operation>			
	</file>	

    <file name="admin/language/*/catalog/product.php">	
        <operation>
			<search position="replace"><![CDATA[
				$_['entry_name']             = 'Product Name:';
			]]></search>
            <add><![CDATA[				
				$_['entry_name']             = 'Product Name:';
				$_['entry_youtube'] 		 = 'Youtube URL ID: <br /><span class="help">last 11 characters. For example: <br>youtube.com/watch?v=<b>abcdefg1j2i</b></span>';
            ]]></add>
        </operation>
	</file>	

    <file name="admin/view/template/catalog/product_form.tpl">	
        <operation>
			<search position="after"><![CDATA[
			$product_description[$language['language_id']]['description'] : ''; ?></textarea></td>
			]]></search>
            <add><![CDATA[
					</tr>
					  <tr>
						<td><?php echo $entry_youtube; ?></td>
						<td><input type="text" name="product_description[<?php echo $language['language_id']; ?>][youtube]" value="<?php echo isset($product_description[$language['language_id']]) ? $product_description[$language['language_id']]['youtube'] : ''; ?>" /></td>
            ]]></add>
        </operation>
	</file>	
			
    <file name="catalog/model/catalog/product.php">	
        <operation>
			<search position="replace"><![CDATA[
				'tag'              => $query->row['tag'],
			]]></search>
            <add><![CDATA[				
				'youtube'	       => $query->row['youtube'],
				'tag'              => $query->row['tag'],
            ]]></add>
        </operation>
	</file>	
	
    <file name="catalog/controller/common/footer.php">	
		<operation>
			<search position="replace"><![CDATA[
			protected function index() {
			]]></search>
			<add><![CDATA[
			protected function dbCheck(){
				$query = $this->db->query("SHOW COLUMNS FROM `".DB_PREFIX."product_description` LIKE 'youtube'");
				if(!$query->num_rows){
					$this->db->query("ALTER TABLE `".DB_PREFIX."product_description` ADD `youtube` TEXT NOT NULL");
				}
			}
			protected function index() {
			$this->dbCheck();
			]]>
			</add>
		</operation>
	</file>

    <file name="catalog/controller/product/product.php">	
        <operation>
			<search position="replace"><![CDATA[
				$this->data['description'] = html_entity_decode($product_info['description'], ENT_QUOTES, 'UTF-8');
			]]></search>
            <add><![CDATA[				
				$this->data['youtube'] = $product_info['youtube'];
				$this->data['description'] = html_entity_decode($product_info['description'], ENT_QUOTES, 'UTF-8');
            ]]></add>
        </operation>
	</file>	
			
    <file name="catalog/view/theme/*/template/product/product.tpl">	
        <operation>
			<search position="replace"><![CDATA[
				<div id="tab-description" class="tab-content">
			]]></search>
            <add><![CDATA[				
				<div id="tab-description" class="tab-content"><?php if (!empty($youtube)){ echo "<embed style= \"position: relative; width: 55%; height:240px; margin: 20px 5px; float: right; \" src=\"http://www.youtube.com/v/" . $youtube . "\">"; } ?>
            ]]></add>
        </operation>
	</file>				
</modification>
	
			
			
			
			
			
